Training loss,Validation loss,Accuracy,Precision,Recall,F1-score,CSI-score
0.21777989,25.714287,0.6406576458333333,0.22390053210100883,0.9885644895612389,0.3650788890887585,0.22331958984260342
