Training loss,Validation loss,Accuracy,Precision,Recall,F1-score,CSI-score
0.4617523,5.1097407,0.8918278947368421,0.43170397441754227,0.0009198548478783962,0.0018357980622131567,0.0009187423438138016
