Training loss,Validation loss,Accuracy,Precision,Recall,F1-score,CSI-score
0.2735027,0.19275004,0.9111577500000001,0.5622845758721018,0.6951317785304217,0.6216664841032158,0.45139516012705627
