Training loss,Validation loss,Accuracy,Precision,Recall,F1-score,CSI-score
0.21456479,1.2555959,0.7230604166666666,0.2718103158999331,0.9815764635581135,0.4257297506220205,0.27043020581262056
