Training loss,Validation loss,Accuracy,Precision,Recall,F1-score,CSI-score
0.23515175,0.23689966,0.9103007291666667,0.6204460053004877,0.36802401887735414,0.4620039177269116,0.3004155201573182
