Training loss,Validation loss,Accuracy,Precision,Recall,F1-score,CSI-score
0.38624024,0.40104693,0.8588061052631579,0.42719032363978354,0.8966599048412593,0.578682432050417,0.40714506391786476
